entry_time,exit_time,position,entry_price,exit_price,pnl,duration
2025-01-16 09:25:00,2025-01-16 10:25:00,1,18033.710410916592,18010.432404854808,-23.278006061784254,60.0
2025-01-16 14:15:00,2025-01-16 14:25:00,1,17708.177499268284,17667.750099408233,-40.42739986005108,10.0
2025-01-16 14:50:00,2025-01-17 09:35:00,1,17730.18043744133,17703.51781890915,-26.662618532180204,1125.0
2025-01-17 09:50:00,2025-01-17 09:55:00,1,17746.59190581124,17721.138697515118,-25.453208296123194,5.0
2025-01-17 10:20:00,2025-01-17 10:50:00,1,17746.08325422167,17690.17713480194,-55.90611941973111,30.0
2025-01-17 12:30:00,2025-01-17 13:55:00,1,17713.849356265742,17683.11006348099,-30.739292784750432,85.0
2025-01-20 09:35:00,2025-01-20 12:40:00,1,17710.40113699131,17847.005276424286,136.6041394329768,185.0
2025-01-20 13:30:00,2025-01-20 13:40:00,1,17908.473411095478,17834.701569738903,-73.77184135657444,10.0
2025-01-20 13:50:00,2025-01-21 09:25:00,1,17868.47458985729,18040.540394090167,172.06580423287596,1175.0
2025-01-21 09:45:00,2025-01-21 10:05:00,1,18099.04805098607,18039.784028220663,-59.2640227654083,20.0
2025-01-21 10:30:00,2025-01-21 10:35:00,1,18084.373019491773,18045.70421332848,-38.668806163292174,5.0
2025-01-21 11:15:00,2025-01-21 12:10:00,1,18129.5624887874,17989.02580780318,-140.53668098421986,55.0
2025-01-21 13:45:00,2025-01-21 14:30:00,1,18018.455156171705,17967.827823148997,-50.627333022708626,45.0
2025-01-21 15:00:00,2025-01-22 12:15:00,1,18006.612512896667,18253.783071787577,247.1705588909099,1275.0
2025-01-22 14:05:00,2025-01-23 09:40:00,1,18214.194430369644,18298.51551597423,84.321085604588,1175.0
2025-01-23 09:50:00,2025-01-23 11:15:00,1,18372.448999066302,18357.56587466026,-14.883124406042043,85.0
2025-01-23 12:20:00,2025-01-23 14:15:00,1,18383.1335985886,18541.037744558645,157.90414597004565,115.0
2025-01-24 13:00:00,2025-01-24 13:20:00,1,18387.48044741946,18323.748728702296,-63.73171871716477,20.0
2025-01-27 13:35:00,2025-01-27 14:50:00,1,17995.358563404494,17953.246199254812,-42.112364149681525,75.0
2025-01-27 14:55:00,2025-01-27 15:00:00,1,17978.085156547204,17948.6270988432,-29.458057704003295,5.0
2025-01-27 15:05:00,2025-01-28 11:40:00,1,17977.103455361626,18208.606550979213,231.50309561758695,1235.0
2025-01-28 13:15:00,2025-01-28 13:50:00,1,18164.047545407266,18112.15846736628,-51.88907804098562,35.0
2025-01-29 09:50:00,2025-01-29 10:50:00,1,18076.4360097174,18017.29458583224,-59.1414238851612,60.0
2025-01-29 11:55:00,2025-01-29 12:20:00,1,18031.28215030518,17978.874430397776,-52.40771990740177,25.0
2025-01-29 13:45:00,2025-01-29 14:05:00,1,18009.57623232775,17922.69899659976,-86.87723572798859,20.0
2025-01-30 09:30:00,2025-01-30 12:15:00,1,17905.95959871122,18058.341346453508,152.381747742289,165.0
2025-01-30 12:20:00,2025-01-30 13:05:00,1,18080.86874282711,18070.86780087242,-10.00094195469137,45.0
2025-01-30 13:15:00,2025-01-30 13:20:00,1,18096.883504158865,18068.127026070004,-28.756478088860604,5.0
2025-01-30 13:35:00,2025-01-30 15:20:00,1,18095.91321479178,18175.44479723328,79.53158244149745,105.0
2025-01-31 09:30:00,2025-02-03 11:10:00,1,18227.49400642617,19040.248607035737,812.754600609569,4420.0
2025-02-03 12:00:00,2025-02-03 12:05:00,1,19053.88320356196,19002.01408835501,-51.86911520695139,5.0
2025-02-03 12:55:00,2025-02-03 14:35:00,1,19046.45787539885,19129.77358684732,83.31571144847112,100.0
2025-02-05 10:50:00,2025-02-06 10:10:00,1,19522.27266651429,19961.57429223667,439.30162572237896,1400.0
2025-02-06 11:25:00,2025-02-06 12:30:00,1,20130.470872559352,20069.69315241964,-60.777720139711164,65.0
2025-02-06 14:30:00,2025-02-06 14:50:00,1,20045.564156995,20001.196498790985,-44.36765820401342,20.0
2025-02-07 09:30:00,2025-02-07 09:35:00,1,20022.38243162921,19980.02635385817,-42.356077771037235,5.0
2025-02-07 09:40:00,2025-02-07 11:50:00,1,19991.571695524508,20136.950420323203,145.37872479869475,130.0
2025-02-07 12:55:00,2025-02-07 13:20:00,1,20146.892761139465,20092.76083060932,-54.13193053014402,25.0
2025-02-07 14:05:00,2025-02-07 15:15:00,1,20132.2307394064,20131.86588012169,-0.36485928470938234,70.0
2025-02-10 09:30:00,2025-02-10 11:30:00,1,20190.722397348243,20240.499663974068,49.77726662582427,120.0
2025-02-10 11:55:00,2025-02-10 12:00:00,1,20281.43239198997,20209.84712733864,-71.58526465133036,5.0
2025-02-10 12:40:00,2025-02-10 13:55:00,1,20298.16442926437,20192.99278451668,-105.17164474769015,75.0
2025-02-11 10:15:00,2025-02-12 12:55:00,1,19989.96414610391,20742.869131608568,752.9049855046578,1600.0
2025-02-12 13:25:00,2025-02-12 15:10:00,1,20911.49361042459,21100.644079480207,189.15046905561758,105.0
2025-02-12 15:15:00,2025-02-13 10:30:00,1,21158.62819210671,21208.6636217713,50.035429664589174,1155.0
2025-02-13 11:45:00,2025-02-13 11:55:00,1,21213.13501315752,21172.720506218448,-40.41450693907245,10.0
2025-02-13 12:25:00,2025-02-13 12:50:00,1,21210.245970379383,21114.08915318291,-96.15681719647182,25.0
2025-02-14 10:55:00,2025-02-17 09:20:00,1,20938.75958401907,21313.46021472411,374.70063070503966,4225.0
2025-02-17 09:25:00,2025-02-17 14:40:00,1,21375.950556919062,21702.515763826592,326.5652069075295,315.0
2025-02-17 14:50:00,2025-02-18 09:40:00,1,21807.58500698844,21751.997625549324,-55.58738143911614,1130.0
2025-02-18 10:00:00,2025-02-18 11:45:00,1,21859.72964464033,22008.436932434728,148.70728779439742,105.0
2025-02-18 13:40:00,2025-02-18 13:50:00,1,21873.654684359404,21787.21025596909,-86.44442839031399,10.0
2025-02-19 09:55:00,2025-02-19 10:30:00,1,21622.54123598827,21577.341615503366,-45.19962048490197,35.0
2025-02-19 11:40:00,2025-02-19 13:10:00,1,21556.854174560533,21592.641980411045,35.787805850512086,90.0
2025-02-19 13:25:00,2025-02-19 13:50:00,1,21663.31096275623,21592.867779362303,-70.44318339392703,25.0
2025-02-19 14:00:00,2025-02-19 14:10:00,1,21694.26297989912,21623.908620967944,-70.35435893117392,10.0
2025-02-19 15:25:00,2025-02-20 09:55:00,1,21662.69885758101,21591.47404120201,-71.2248163789991,1110.0
2025-02-20 12:15:00,2025-02-20 13:45:00,1,21614.33851044117,21641.66703009444,27.328519653270632,90.0
2025-02-20 14:05:00,2025-02-21 09:45:00,1,21777.53884156069,21775.45111202058,-2.087729540111468,1180.0
2025-02-21 10:00:00,2025-02-21 11:30:00,1,21868.226237642528,21961.66743493704,93.44119729451268,90.0
2025-02-21 14:05:00,2025-02-21 14:50:00,1,21777.272312761324,21756.613733639428,-20.658579121896764,45.0
2025-02-21 15:25:00,2025-02-21 15:30:00,1,21796.583385983093,21763.02432187456,-33.559064108532766,5.0
2025-02-24 10:15:00,2025-02-24 10:30:00,1,21729.28003622836,21607.492348034164,-121.78768819419565,15.0
2025-02-24 10:45:00,2025-02-24 11:55:00,1,21738.08893490845,21671.09148753605,-66.99744737239962,70.0
2025-02-25 09:15:00,2025-02-25 10:50:00,1,21611.124557345425,21616.527271558243,5.402714212817955,95.0
2025-02-25 12:10:00,2025-02-25 12:35:00,1,21624.77195844947,21559.42102961459,-65.3509288348796,25.0
2025-02-25 12:45:00,2025-02-25 13:05:00,1,21616.7729533924,21576.54853170847,-40.224421683928085,20.0
2025-02-25 15:15:00,2025-02-26 11:35:00,1,21676.58635770348,21672.223098881408,-4.363258822071657,1220.0
2025-02-26 12:25:00,2025-02-26 13:25:00,1,21771.13032405056,21671.899492211527,-99.23083183903145,60.0
2025-02-26 14:20:00,2025-02-26 14:25:00,1,21727.56706711544,21658.55157577171,-69.01549134372908,5.0
2025-02-27 10:05:00,2025-02-27 14:45:00,1,21604.381405006505,22116.47453367574,512.0931286692357,280.0
2025-02-27 15:10:00,2025-02-28 09:35:00,1,22163.14831885269,22094.158711425123,-68.98960742756753,1105.0
2025-02-28 10:55:00,2025-02-28 11:05:00,1,22068.71190388696,22000.60012336672,-68.11178052024115,10.0
2025-02-28 13:50:00,2025-03-03 09:50:00,1,21769.851563750963,21754.100241522887,-15.751322228075878,4080.0
2025-03-03 10:00:00,2025-03-03 10:40:00,1,21877.92472429504,21792.72864774238,-85.19607655266009,40.0
2025-03-03 11:30:00,2025-03-03 14:10:00,1,21807.65942620718,21981.648079432365,173.98865322518395,160.0
2025-03-03 14:50:00,2025-03-03 15:20:00,1,22027.902840164938,21978.449505106582,-49.45333505835515,30.0
2025-03-03 15:30:00,2025-03-04 10:10:00,1,22145.8738844998,21977.92208030241,-167.95180419738972,1120.0
2025-03-04 10:30:00,2025-03-04 12:00:00,1,22107.222564164225,22137.64983686275,30.427272698525485,90.0
2025-03-04 12:40:00,2025-03-04 13:20:00,1,22281.186583201583,22118.05439178048,-163.13219142110393,40.0
2025-03-05 12:15:00,2025-03-05 14:30:00,1,22170.43232974896,22342.256199261035,171.82386951207445,135.0
2025-03-05 15:00:00,2025-03-06 09:30:00,1,22468.789544721112,22404.55248136377,-64.23706335734096,1110.0
2025-03-07 11:25:00,2025-03-07 12:15:00,1,23122.96097665002,23086.8644806306,-36.096496019421465,50.0
2025-03-10 09:25:00,2025-03-10 12:15:00,1,22744.891846531944,22864.891367849224,119.9995213172806,170.0
2025-03-11 10:10:00,2025-03-11 10:35:00,1,22502.03052681612,22414.240806157493,-87.78972065862763,25.0
2025-03-11 11:30:00,2025-03-11 14:15:00,1,22516.056604358924,22599.43799213365,83.38138777472705,165.0
2025-03-11 14:50:00,2025-03-11 15:30:00,1,22730.674977852224,22640.644392649545,-90.0305852026795,40.0
2025-03-13 11:50:00,2025-03-13 13:20:00,1,22172.542478692263,22259.260215839902,86.71773714763913,90.0
2025-03-13 14:00:00,2025-03-13 15:10:00,1,22315.28868884936,22296.07993934308,-19.208749506280583,70.0
2025-03-14 10:00:00,2025-03-14 10:05:00,1,22323.283808275828,22247.13885952474,-76.14494875108721,5.0
2025-03-14 10:55:00,2025-03-14 11:20:00,1,22333.941207830387,22252.072040304745,-81.86916752564139,25.0
2025-03-14 15:20:00,2025-03-17 09:45:00,1,21788.81781667274,21675.721358639144,-113.09645803359672,3985.0
2025-03-17 10:10:00,2025-03-17 10:20:00,1,21777.58355477,21714.677246485546,-62.90630828445501,10.0
2025-03-17 12:40:00,2025-03-17 12:45:00,1,21944.447138944928,21894.36526244729,-50.081876497639314,5.0
2025-03-17 13:15:00,2025-03-18 10:50:00,1,21939.48842103521,22261.34242855346,321.85400751825,1295.0
2025-03-18 12:25:00,2025-03-19 10:25:00,1,22243.68896407147,22528.86878926278,285.17982519130965,1320.0
2025-03-19 12:25:00,2025-03-19 13:20:00,1,22371.46353862333,22348.293873601124,-23.169665022207482,55.0
2025-03-19 13:25:00,2025-03-20 09:15:00,1,22428.232782562685,22527.748001626576,99.51521906389098,1190.0
2025-03-20 09:50:00,2025-03-20 11:45:00,1,22599.621067191423,22767.903045497245,168.28197830582212,115.0
2025-03-20 12:45:00,2025-03-20 13:30:00,1,22793.44100168877,22745.7635566048,-47.67744508396936,45.0
2025-03-21 09:20:00,2025-03-21 10:00:00,1,22588.34915965189,22520.33016106937,-68.01899858252,40.0
2025-03-21 12:25:00,2025-03-21 14:40:00,1,22539.544805059173,22683.838245984098,144.29344092492465,135.0
2025-03-21 15:10:00,2025-03-24 09:45:00,1,22740.450462803965,22720.451309679203,-19.999153124761506,3995.0
2025-03-24 10:00:00,2025-03-24 10:30:00,1,22819.769271881723,22734.821768862857,-84.94750301886597,30.0
2025-03-24 10:45:00,2025-03-24 13:30:00,1,22814.558624228524,22939.556388471086,124.99776424256197,165.0
2025-03-24 13:35:00,2025-03-24 13:45:00,1,23018.51182688573,22945.704835797536,-72.80699108819317,10.0
2025-03-24 14:50:00,2025-03-24 15:00:00,1,22956.30812925462,22929.164539787216,-27.143589467403217,10.0
2025-03-25 09:50:00,2025-03-25 10:00:00,1,22892.88034397775,22808.27073383117,-84.60961014658096,10.0
2025-03-25 10:30:00,2025-03-25 14:40:00,1,22892.06531187192,23326.49823199512,434.43292012319944,250.0
2025-03-25 15:10:00,2025-03-26 09:55:00,1,23587.6164976181,23394.870398692685,-192.74609892541412,1125.0
2025-03-26 12:35:00,2025-03-26 12:45:00,1,23258.24060598473,23219.107733772216,-39.132872212514485,10.0
2025-03-27 13:05:00,2025-03-27 13:25:00,1,22421.06550218167,22319.34276638059,-101.72273580108231,20.0
2025-03-28 12:55:00,2025-03-28 13:20:00,1,22179.07494190386,22088.347877958608,-90.72706394525085,25.0
2025-03-28 15:10:00,2025-03-28 15:20:00,1,22241.563990363586,22180.123432636505,-61.440557727080886,10.0
2025-03-31 09:20:00,2025-03-31 12:40:00,1,22279.359269963832,22504.9876029125,225.62833294866869,200.0
2025-04-01 14:15:00,2025-04-01 15:20:00,1,22061.533583733628,21984.490071977176,-77.04351175645206,65.0
2025-04-02 11:25:00,2025-04-02 13:00:00,1,22107.06691835449,22189.073793065487,82.00687471099809,95.0
2025-04-02 13:15:00,2025-04-02 13:20:00,1,22236.52647574776,22207.094538392885,-29.431937354875117,5.0
2025-04-02 13:25:00,2025-04-02 13:55:00,1,22247.15445691912,22220.973778371663,-26.18067854745823,30.0
2025-04-02 14:00:00,2025-04-02 14:10:00,1,22240.618879793405,22157.39467960134,-83.22420019206402,10.0
2025-04-03 13:40:00,2025-04-03 13:45:00,1,21563.572632101062,21503.419673331915,-60.15295876914752,5.0
2025-04-03 14:55:00,2025-04-04 10:15:00,1,21578.387984426507,21587.45247400824,9.06448958173496,1160.0
2025-04-04 11:55:00,2025-04-04 12:35:00,1,21452.65443391378,21422.7435372149,-29.910896698878787,40.0
2025-04-04 15:15:00,2025-04-07 09:45:00,1,21233.340229920934,21111.28800401081,-122.05222591012352,3990.0
2025-04-07 10:10:00,2025-04-07 10:35:00,1,21257.895930620653,21138.048077784457,-119.84785283619567,25.0
2025-04-07 11:55:00,2025-04-07 12:30:00,1,21075.71334004174,21035.729103866448,-39.98423617529261,35.0
2025-04-07 15:00:00,2025-04-08 09:45:00,1,21035.604535767063,20928.6053034017,-106.99923236536415,1125.0
2025-04-08 13:05:00,2025-04-08 13:25:00,1,20687.07722853036,20549.441526566552,-137.63570196380897,20.0
2025-04-08 13:40:00,2025-04-09 09:30:00,1,20687.99920680722,20841.07089871568,153.0716919084589,1190.0
2025-04-09 09:45:00,2025-04-09 09:50:00,1,20890.31825743672,20854.75930554357,-35.55895189315197,5.0
2025-04-09 10:10:00,2025-04-09 10:30:00,1,20912.293293493523,20797.88375838217,-114.40953511135376,20.0
2025-04-09 12:35:00,2025-04-10 09:15:00,1,20778.28763170844,20824.762403537294,46.47477182885268,1240.0
2025-04-10 09:20:00,2025-04-10 10:30:00,1,20889.717492414195,20857.678266574017,-32.039225840177096,70.0
2025-04-10 10:55:00,2025-04-10 11:05:00,1,20901.79490638593,20865.397318463514,-36.39758792241628,10.0
2025-04-10 12:30:00,2025-04-10 14:05:00,1,20987.10818321273,20969.7655260133,-17.342657199431414,95.0
2025-04-11 10:50:00,2025-04-11 12:20:00,1,20901.65340245772,20817.518023777848,-84.13537867987179,90.0
2025-04-11 12:45:00,2025-04-11 13:30:00,1,20914.25850820065,20846.502332224823,-67.75617597582823,45.0
2025-04-11 14:20:00,2025-04-11 14:40:00,1,20892.212628559548,20789.55900526215,-102.65362329739946,20.0
2025-04-11 15:00:00,2025-04-14 10:55:00,1,20854.676254121103,21019.98630768627,165.31005356516835,4075.0
2025-04-14 11:45:00,2025-04-14 12:45:00,1,21074.131100913,21067.285856213188,-6.845244699812611,60.0
2025-04-14 14:05:00,2025-04-14 14:10:00,1,21083.541274993942,21047.00037343164,-36.54090156230086,5.0
2025-04-14 14:15:00,2025-04-14 14:30:00,1,21071.89385598377,21015.64498468866,-56.248871295108984,15.0
2025-04-15 12:35:00,2025-04-15 13:05:00,1,20592.67814395763,20518.48414852124,-74.19399543639156,30.0
2025-04-15 14:00:00,2025-04-15 14:05:00,1,20562.6935093192,20482.6391966656,-80.05431265359948,5.0
2025-04-15 14:55:00,2025-04-16 09:20:00,1,20649.19359248899,20498.76410867194,-150.4294838170499,1105.0
2025-04-16 09:50:00,2025-04-16 10:15:00,1,20657.40923111629,20512.212436036443,-145.1967950798462,25.0
2025-04-16 10:40:00,2025-04-16 11:40:00,1,20628.5468041631,20587.03745019318,-41.509353969919175,60.0
2025-04-16 13:45:00,2025-04-17 11:25:00,1,20476.03167001541,20757.02523596967,280.9935659542607,1300.0
2025-04-17 11:40:00,2025-04-17 12:05:00,1,20843.54557214117,20728.938272893087,-114.60729924808402,25.0
2025-04-17 13:15:00,2025-04-18 09:50:00,1,20748.17952958965,20807.69625827017,59.51672868051901,1235.0
2025-04-18 10:40:00,2025-04-18 12:50:00,1,20892.953731205587,21060.77763495036,167.8239037447711,130.0
2025-04-18 13:30:00,2025-04-18 14:00:00,1,21111.33552602745,21035.124872035714,-76.21065399173676,30.0
2025-04-18 14:25:00,2025-04-21 09:15:00,1,21102.25256208832,21064.780408234416,-37.47215385390518,4010.0
2025-04-21 10:55:00,2025-04-21 11:05:00,1,21180.17343059567,21122.44824803265,-57.72518256301919,10.0
2025-04-21 11:10:00,2025-04-21 11:35:00,1,21142.626559860502,21104.348685315355,-38.277874545146915,25.0
2025-04-21 12:35:00,2025-04-21 13:15:00,1,21142.6507825518,21077.80415252466,-64.84663002713933,40.0
2025-04-21 13:25:00,2025-04-22 09:20:00,1,21138.31101078343,21186.93043199671,48.619421213279566,1195.0
2025-04-22 12:20:00,2025-04-22 13:30:00,1,21105.828354000347,21031.28460472952,-74.54374927082608,70.0
2025-04-22 13:35:00,2025-04-23 10:00:00,1,21099.380235171328,21247.38729872476,148.0070635534321,1225.0
2025-04-23 11:05:00,2025-04-23 11:15:00,1,21249.88623652084,21178.801663830865,-71.08457268997518,10.0
2025-04-23 11:25:00,2025-04-23 12:10:00,1,21256.60288011086,21223.35983864824,-33.24304146261784,45.0
2025-04-23 12:30:00,2025-04-23 14:55:00,1,21287.97705127569,21462.83006609484,174.8530148191494,145.0
2025-04-24 14:45:00,2025-04-24 14:55:00,1,20992.379673031373,20886.05429792915,-106.32537510222392,10.0
2025-04-25 14:10:00,2025-04-25 14:30:00,1,20478.71110867148,20401.39284186965,-77.31826680183076,20.0
2025-04-25 14:45:00,2025-04-25 14:55:00,1,20465.63244842375,20366.660105156483,-98.97234326726539,10.0
2025-04-25 15:30:00,2025-04-28 11:55:00,1,20450.95944925911,20501.146220931525,50.18677167241549,4105.0
2025-04-28 14:20:00,2025-04-29 11:25:00,1,20398.54243041519,20606.85181313245,208.30938271725972,1265.0
2025-04-29 12:10:00,2025-04-29 13:00:00,1,20654.882828640235,20607.32307815448,-47.55975048575419,50.0
2025-04-29 13:05:00,2025-04-29 13:10:00,1,20649.5056661764,20585.24158001367,-64.26408616272965,5.0
2025-04-30 09:40:00,2025-04-30 11:00:00,1,20644.63429391061,20622.93025303567,-21.70404087494171,80.0
2025-04-30 11:15:00,2025-04-30 12:30:00,1,20713.77036072615,20697.08640958276,-16.683951143390004,75.0
2025-04-30 13:15:00,2025-04-30 14:15:00,1,20737.829349096966,20746.3558096148,8.526460517834494,60.0
2025-05-01 10:25:00,2025-05-01 10:55:00,1,20643.74469271851,20571.29264002552,-72.45205269298822,30.0
2025-05-02 09:55:00,2025-05-02 10:35:00,1,20232.96719714171,20125.019544624745,-107.94765251696299,40.0
2025-05-02 11:10:00,2025-05-02 12:50:00,1,20216.77338738701,20246.860136869724,30.086749482714367,100.0
2025-05-06 10:15:00,2025-05-06 11:00:00,1,19207.08283930373,19140.05410371776,-67.02873558596912,45.0
2025-05-06 11:35:00,2025-05-06 15:20:00,1,19195.211248494783,19561.44283008413,366.2315815893453,225.0
2025-05-07 10:20:00,2025-05-07 11:35:00,1,19610.062585310625,19578.456291073384,-31.606294237240945,75.0
2025-05-07 12:30:00,2025-05-08 10:25:00,1,19673.753474652163,20085.210113214653,411.4566385624894,1315.0
2025-05-08 10:30:00,2025-05-08 10:35:00,1,20112.31986630026,20071.372493344265,-40.94737295599407,5.0
2025-05-08 11:35:00,2025-05-08 12:05:00,1,20099.348928164272,20045.73962452184,-53.60930364243177,30.0
2025-05-08 13:05:00,2025-05-08 15:00:00,1,20071.06448803604,20059.812329486307,-11.252158549734304,115.0
2025-05-08 15:05:00,2025-05-08 15:20:00,1,20128.65400320389,20038.4898037103,-90.16419949358897,15.0
2025-05-09 11:20:00,2025-05-09 11:25:00,1,19994.28291952292,19932.5455272866,-61.737392236322194,5.0
2025-05-09 11:30:00,2025-05-09 12:35:00,1,20003.13678995,19937.40727180448,-65.72951814551925,65.0
2025-05-09 13:25:00,2025-05-09 14:05:00,1,19991.600564474466,19917.25249574033,-74.34806873413618,40.0
2025-05-09 14:50:00,2025-05-12 09:25:00,1,19965.29812436748,19840.436841805607,-124.86128256187294,3995.0
2025-05-12 10:25:00,2025-05-12 11:25:00,1,19899.96381380835,19848.08234611452,-51.88146769383093,60.0
2025-05-12 11:45:00,2025-05-12 14:50:00,1,19910.51983073748,19971.622753484327,61.10292274684616,185.0
2025-05-13 09:45:00,2025-05-13 12:00:00,1,20012.10962592629,20156.951096872817,144.84147094652872,135.0
2025-05-13 14:00:00,2025-05-13 14:20:00,1,20168.44627542699,20032.72998761313,-135.71628781386244,20.0
2025-05-13 14:45:00,2025-05-14 09:55:00,1,20098.84131614005,20135.037734626952,36.196418486902985,1150.0
2025-05-14 11:20:00,2025-05-14 11:35:00,1,20105.69347719812,20054.03536957423,-51.65810762389083,15.0
2025-05-14 12:55:00,2025-05-14 13:15:00,1,20130.970308563843,19945.20005589197,-185.77025267187128,20.0
2025-05-15 11:55:00,2025-05-15 14:25:00,1,19334.788896245915,19455.22715902592,120.43826278000415,150.0
2025-05-15 14:35:00,2025-05-16 09:45:00,1,19523.598317755583,19430.64262628624,-92.95569146934213,1150.0
2025-05-16 11:15:00,2025-05-16 13:05:00,1,19437.878713479608,19592.74571438317,154.86700090356317,110.0
2025-05-16 13:25:00,2025-05-16 13:50:00,1,19650.31035279317,19572.33684066404,-77.97351212913054,25.0
2025-05-19 09:30:00,2025-05-19 10:20:00,1,19571.711071189093,19478.172290809536,-93.53878037955656,50.0
2025-05-19 12:25:00,2025-05-19 12:35:00,1,19420.132705414573,19382.707227499333,-37.42547791523975,10.0
2025-05-19 12:50:00,2025-05-19 13:40:00,1,19440.106368064862,19345.205643412915,-94.9007246519468,50.0
2025-05-19 14:35:00,2025-05-19 14:45:00,1,19399.398206336053,19346.11607333496,-53.28213300109201,10.0
2025-05-20 11:15:00,2025-05-20 13:55:00,1,19244.071355107302,19274.7711581178,30.699803010498727,160.0
2025-05-20 15:30:00,2025-05-21 10:05:00,1,19265.012938276686,19174.01618634026,-90.99675193642543,1115.0
2025-05-21 10:25:00,2025-05-21 11:45:00,1,19273.908386057432,19282.68160445866,8.773218401227496,80.0
2025-05-21 11:50:00,2025-05-21 12:45:00,1,19331.695005426765,19322.93021635582,-8.764789070944971,55.0
2025-05-22 09:50:00,2025-05-22 10:25:00,1,19022.42850621456,18956.375294230453,-66.0532119841082,35.0
2025-05-22 10:30:00,2025-05-22 12:05:00,1,19014.630077148093,19046.940504288486,32.310427140393585,95.0
2025-05-22 13:40:00,2025-05-22 14:00:00,1,19017.355192717845,18913.31206498978,-104.04312772806588,20.0
2025-05-23 09:30:00,2025-05-23 10:00:00,1,18879.82414760868,18746.214989229346,-133.60915837933499,30.0
2025-05-23 11:00:00,2025-05-23 11:10:00,1,18764.32102355606,18706.703006176267,-57.61801737979113,10.0
2025-05-23 11:25:00,2025-05-23 11:55:00,1,18769.74578743215,18736.25164365888,-33.49414377327048,30.0
2025-05-23 12:00:00,2025-05-23 12:05:00,1,18760.33494732822,18715.768254751627,-44.566692576594505,5.0
2025-05-23 12:10:00,2025-05-23 12:15:00,1,18755.639723942782,18706.621234914383,-49.01848902839993,5.0
2025-05-23 12:55:00,2025-05-23 15:05:00,1,18789.279769417102,18844.15357869513,54.87380927802951,130.0
2025-05-23 15:25:00,2025-05-26 12:30:00,1,18934.02413973721,19286.185890209686,352.16175047247816,4145.0
2025-05-26 12:50:00,2025-05-26 12:55:00,1,19369.41501325146,19315.091247934623,-54.323765316836216,5.0
2025-05-26 14:50:00,2025-05-27 09:35:00,1,19203.6060665121,19162.6056922944,-41.00037421769957,1125.0
2025-05-27 09:50:00,2025-05-27 10:50:00,1,19273.290119970887,19252.12806016339,-21.162059807495098,60.0
2025-05-27 11:25:00,2025-05-27 11:30:00,1,19342.51797563596,19283.24948873664,-59.26848689932012,5.0
2025-05-27 11:40:00,2025-05-27 11:55:00,1,19376.122424568795,19290.12379578881,-85.99862877998385,15.0
2025-05-27 14:25:00,2025-05-27 15:05:00,1,19195.07190471329,19158.138349135752,-36.933555577539664,40.0
2025-05-27 15:10:00,2025-05-27 15:20:00,1,19205.239432267088,19108.57863412442,-96.66079814266777,10.0
2025-05-28 13:30:00,2025-05-28 14:20:00,1,19059.42060129173,19036.807092221265,-22.613509070466534,50.0
2025-05-28 14:30:00,2025-05-29 09:25:00,1,19098.34752678649,19018.0248264347,-80.32270035178954,1135.0
2025-05-29 10:00:00,2025-05-29 10:05:00,1,19113.33878100142,19078.00415862773,-35.33462237369167,5.0
2025-05-29 10:10:00,2025-05-29 11:05:00,1,19136.42607609748,19110.045231410066,-26.380844687413628,55.0
2025-05-29 12:15:00,2025-05-29 15:25:00,1,19115.88749021736,19333.200301863464,217.31281164610482,190.0
2025-05-30 11:50:00,2025-05-30 12:00:00,1,19141.13269698802,19078.28659068792,-62.84610630010138,10.0
2025-05-30 12:10:00,2025-05-30 13:30:00,1,19205.41809308808,19209.403839647817,3.9857465597378905,80.0
2025-05-30 14:10:00,2025-06-02 09:25:00,1,19301.95018020834,19341.96407462784,40.01389441949868,4035.0
2025-06-02 15:10:00,2025-06-03 09:55:00,1,19559.834685878435,19493.103380645087,-66.7313052333484,1125.0
2025-06-03 11:30:00,2025-06-03 11:40:00,1,19461.936746941763,19391.02378495045,-70.91296199131466,10.0
2025-06-03 12:30:00,2025-06-03 13:05:00,1,19446.961020856168,19392.373457904185,-54.58756295198327,35.0
2025-06-04 11:05:00,2025-06-04 12:20:00,1,19270.32274232394,19265.472751170608,-4.849991153332667,75.0
2025-06-04 12:35:00,2025-06-04 12:40:00,1,19343.36257812233,19283.916410436766,-59.44616768556443,5.0
2025-06-04 15:05:00,2025-06-04 15:15:00,1,19164.14587898676,19088.00731997842,-76.13855900834096,10.0
2025-06-05 11:30:00,2025-06-05 12:40:00,1,18950.52919181022,18897.276876873657,-53.25231493656247,70.0
2025-06-05 13:55:00,2025-06-05 14:10:00,1,18953.43280073973,18879.130266284683,-74.30253445504786,15.0
2025-06-05 14:15:00,2025-06-05 15:10:00,1,18926.19954800873,18890.97569535935,-35.223852649382025,55.0
2025-06-06 10:35:00,2025-06-06 12:10:00,1,18795.120690391846,18829.70032967545,34.579639283601864,95.0
2025-06-06 12:30:00,2025-06-06 13:30:00,1,18900.91048049907,18826.575861274647,-74.33461922442439,60.0
2025-06-06 13:50:00,2025-06-06 14:10:00,1,18907.05468614317,18842.096971657083,-64.95771448608502,20.0
2025-06-06 14:20:00,2025-06-09 13:05:00,1,18952.72900494344,19416.671986989528,463.9429820460864,4245.0
2025-06-09 15:15:00,2025-06-10 10:20:00,1,19361.841540902085,19358.67326330349,-3.168277598593704,1145.0
2025-06-10 10:35:00,2025-06-10 11:40:00,1,19424.614143876894,19370.81567421275,-53.79846966414334,65.0
2025-06-10 12:50:00,2025-06-10 14:45:00,1,19412.21470232882,19462.704087852733,50.48938552391337,115.0
2025-06-11 09:55:00,2025-06-11 10:25:00,1,19418.237912314675,19378.16219539964,-40.07571691503472,30.0
2025-06-11 10:35:00,2025-06-12 09:15:00,1,19441.067398151205,19733.10253969916,292.0351415479563,1360.0
2025-06-12 10:00:00,2025-06-12 12:50:00,1,19789.430202934826,20143.794383044667,354.364180109842,170.0
2025-06-12 14:35:00,2025-06-12 14:55:00,1,20091.69850951192,20026.86788372697,-64.83062578495083,20.0
2025-06-13 10:25:00,2025-06-13 10:45:00,1,19945.396366072808,19846.32207648945,-99.07428958335731,20.0
2025-06-13 11:10:00,2025-06-13 11:45:00,1,19952.21493956333,19864.73879679432,-87.47614276901004,35.0
2025-06-13 12:35:00,2025-06-13 13:10:00,1,19965.04060169013,19836.508653045832,-128.5319486442968,35.0
2025-06-16 09:20:00,2025-06-16 09:35:00,1,19658.92640060781,19569.67771923824,-89.24868136956866,15.0
2025-06-16 10:40:00,2025-06-16 11:00:00,1,19543.57543631863,19471.35017275369,-72.225263564942,20.0
2025-06-16 12:05:00,2025-06-17 09:15:00,1,19611.3518013953,19719.678560263183,108.32675886788275,1270.0
2025-06-17 11:00:00,2025-06-17 11:15:00,1,19744.01786019111,19607.552850497697,-136.46500969341287,15.0
2025-06-17 11:45:00,2025-06-17 12:25:00,1,19709.284190220234,19654.60067049248,-54.683519727754174,40.0
2025-06-17 12:40:00,2025-06-17 13:00:00,1,19785.48832906127,19632.00276797836,-153.48556108291086,20.0
2025-06-17 13:15:00,2025-06-17 14:10:00,1,19727.55039923078,19677.14384701589,-50.40655221488851,55.0
2025-06-17 15:10:00,2025-06-18 09:30:00,1,19733.989057497885,19665.850745707325,-68.13831179056069,1100.0
2025-06-18 10:05:00,2025-06-18 14:25:00,1,19791.49094112132,20154.07098491311,362.58004379178965,260.0
2025-06-18 14:35:00,2025-06-19 10:30:00,1,20187.55274193238,20226.73543379764,39.182691865258676,1195.0
2025-06-19 11:25:00,2025-06-19 11:45:00,1,20259.851194083665,20222.25301078724,-37.598183296424395,20.0
2025-06-19 11:55:00,2025-06-19 13:50:00,1,20276.167607110325,20349.32878700113,73.16117989080522,115.0
2025-06-20 10:20:00,2025-06-20 10:25:00,1,20279.007304442348,20215.43290658457,-63.57439785777751,5.0
2025-06-20 13:15:00,2025-06-20 14:10:00,1,20207.490048406755,20190.782609132108,-16.707439274647186,55.0
2025-06-20 14:15:00,2025-06-23 10:15:00,1,20210.656595548207,20272.16792506476,61.511329516553815,4080.0
2025-06-24 10:00:00,2025-06-24 10:05:00,1,20487.320885836027,20448.363688747144,-38.95719708888282,5.0
2025-06-24 10:30:00,2025-06-24 11:30:00,1,20531.705251485364,20462.42327230785,-69.28197917751459,60.0
2025-06-24 12:00:00,2025-06-24 14:10:00,1,20516.895000930705,20511.1235645386,-5.7714363921040785,130.0
2025-06-24 15:20:00,2025-06-25 15:10:00,1,20554.525991435265,21091.3191295856,536.7931381503367,1430.0
2025-06-26 09:35:00,2025-06-26 10:00:00,1,21239.88373947702,21115.043718163342,-124.84002131367743,25.0
2025-06-26 10:10:00,2025-06-26 13:25:00,1,21169.9925233607,21309.343782014526,139.35125865382724,195.0
2025-06-26 15:20:00,2025-06-27 10:25:00,1,21256.629022683715,21261.70184281242,5.072820128705644,1145.0
2025-06-27 11:20:00,2025-06-27 11:45:00,1,21291.95981824921,21255.512014932512,-36.44780331669608,25.0
2025-06-27 12:05:00,2025-06-27 12:20:00,1,21340.02764924852,21172.14594030922,-167.88170893930146,15.0
2025-06-30 10:00:00,2025-06-30 10:05:00,1,20877.39482132102,20841.14316125753,-36.25166006349173,5.0
2025-06-30 11:35:00,2025-06-30 12:00:00,1,20852.60881008576,20806.15569929534,-46.45311079041858,25.0
2025-06-30 15:15:00,2025-06-30 15:20:00,1,20827.36397549005,20769.936826460547,-57.4271490295032,5.0
2025-07-01 09:20:00,2025-07-01 13:05:00,1,20845.00667758567,21112.70812071674,267.70144313107085,225.0
2025-07-01 15:00:00,2025-07-02 09:20:00,1,21141.360196149588,21071.435421998853,-69.92477415073517,1100.0
2025-07-02 09:45:00,2025-07-02 09:55:00,1,21162.614004178755,21117.814275749224,-44.79972842953066,10.0
2025-07-02 11:25:00,2025-07-03 11:25:00,1,21089.49932054272,21701.859528884823,612.3602083421029,1440.0
2025-07-03 12:00:00,2025-07-03 14:10:00,1,21778.57871509138,21846.57618402541,67.99746893403062,130.0
2025-07-04 11:00:00,2025-07-04 11:10:00,1,21653.60170351153,21603.32644626804,-50.27525724348743,10.0
2025-07-04 11:25:00,2025-07-04 11:30:00,1,21644.97775866091,21585.88998928569,-59.08776937521907,5.0
2025-07-04 15:30:00,2025-07-07 09:35:00,1,21265.99361162909,21156.9877935904,-109.00581803868772,3965.0
2025-07-07 12:05:00,2025-07-07 13:10:00,1,21169.724630463323,21140.097310430367,-29.62732003295605,65.0
2025-07-07 14:25:00,2025-07-08 11:30:00,1,21129.70719147246,21304.911342895582,175.20415142312413,1265.0
2025-07-08 12:50:00,2025-07-08 14:45:00,1,21288.90225474024,21267.16199985133,-21.740254888907657,115.0
2025-07-08 15:05:00,2025-07-09 09:35:00,1,21319.966355072145,21249.591469637337,-70.37488543480868,1110.0
2025-07-09 09:45:00,2025-07-09 09:55:00,1,21361.257825114146,21319.39990127219,-41.8579238419552,10.0
2025-07-09 10:05:00,2025-07-09 10:10:00,1,21355.03747197377,21300.95441894824,-54.08305302552981,5.0
2025-07-09 12:05:00,2025-07-09 12:55:00,1,21245.57877388464,21191.70483826605,-53.87393561859062,50.0
2025-07-09 13:10:00,2025-07-09 13:15:00,1,21265.36070328412,21194.772396110548,-70.58830717357341,5.0
2025-07-09 13:55:00,2025-07-09 14:10:00,1,21236.66339415465,21178.03418963935,-58.629204515298625,15.0
2025-07-09 14:30:00,2025-07-09 15:10:00,1,21211.632161299185,21130.31138745,-81.32077384918375,40.0
2025-07-09 15:25:00,2025-07-10 12:35:00,1,21209.16000248685,21506.018640001825,296.85863751497527,1270.0
2025-07-10 12:55:00,2025-07-10 13:30:00,1,21548.391503851675,21514.33788386079,-34.053619990885636,35.0
2025-07-10 13:50:00,2025-07-10 14:15:00,1,21590.055391866084,21515.94339865411,-74.11199321197273,25.0
2025-07-10 14:35:00,2025-07-10 15:25:00,1,21580.82995820972,21493.7506594012,-87.07929880851952,50.0
2025-07-11 10:45:00,2025-07-11 11:20:00,1,21426.258334728533,21346.67776811149,-79.58056661704177,35.0
2025-07-11 11:40:00,2025-07-11 11:50:00,1,21432.79941889206,21342.50588276323,-90.29353612882915,10.0
2025-07-11 15:20:00,2025-07-14 11:00:00,1,21357.803461008018,21484.939991936542,127.13653092852473,4060.0
2025-07-14 11:20:00,2025-07-14 11:55:00,1,21590.301337208944,21512.904752902945,-77.39658430599957,35.0
2025-07-15 10:05:00,2025-07-15 10:25:00,1,21439.955277658966,21324.909204342766,-115.04607331619991,20.0
2025-07-15 15:00:00,2025-07-15 15:10:00,1,21159.517419260952,21110.97204662993,-48.545372631022474,10.0
2025-07-15 15:20:00,2025-07-16 09:45:00,1,21166.496643268063,21135.835673696547,-30.660969571516034,1105.0
2025-07-16 10:15:00,2025-07-16 10:25:00,1,21176.091727426345,21135.52398815013,-40.567739276215434,10.0
2025-07-16 10:30:00,2025-07-16 10:55:00,1,21178.159246938736,21151.63503601029,-26.524210928444518,25.0
2025-07-16 12:00:00,2025-07-16 12:15:00,1,21112.14177423248,20987.306742051664,-124.8350321808175,15.0
2025-07-16 13:55:00,2025-07-17 09:45:00,1,21014.143098963585,21038.37130943755,24.228210473964282,1190.0
2025-07-17 10:15:00,2025-07-17 10:30:00,1,21058.95597670223,21017.38311669019,-41.57286001203829,15.0
2025-07-17 10:50:00,2025-07-17 13:10:00,1,21089.01479715103,21298.083436541703,209.06863939067262,140.0
2025-07-17 13:20:00,2025-07-17 13:25:00,1,21346.373949147222,21319.708327344903,-26.665621802319947,5.0
2025-07-17 14:30:00,2025-07-17 14:50:00,1,21415.873345160147,21228.28476540114,-187.588579759009,20.0
2025-07-18 10:00:00,2025-07-18 10:25:00,1,21328.68969864873,21251.32238228526,-77.36731636347031,25.0
2025-07-18 10:35:00,2025-07-18 11:15:00,1,21311.420802575976,21281.56366179141,-29.85714078456658,40.0
2025-07-18 13:50:00,2025-07-18 14:25:00,1,21196.108672104263,21113.492506707,-82.6161653972631,35.0
2025-07-18 14:30:00,2025-07-21 09:40:00,1,21182.22604952412,21291.678364108546,109.45231458442504,4030.0
2025-07-21 09:50:00,2025-07-21 11:00:00,1,21392.5756208785,21310.68774349381,-81.88787738468818,70.0
2025-07-21 12:50:00,2025-07-21 13:00:00,1,21266.753225378707,21201.28304568757,-65.47017969113585,10.0
2025-07-21 13:35:00,2025-07-21 14:20:00,1,21292.20939801547,21108.45857043516,-183.75082758031203,45.0
2025-07-22 09:40:00,2025-07-22 10:10:00,1,21161.950967524383,21120.520487964262,-41.43047956012015,30.0
2025-07-22 10:20:00,2025-07-22 10:55:00,1,21198.271392485167,21071.931817052293,-126.33957543287397,35.0
2025-07-23 12:50:00,2025-07-23 12:55:00,1,20963.987872705777,20944.309722298643,-19.678150407133217,5.0
2025-07-23 14:20:00,2025-07-23 14:25:00,1,20879.38721081152,20829.78648451004,-49.60072630147988,5.0
2025-07-23 14:35:00,2025-07-23 15:20:00,1,20884.325068493294,20862.646675659333,-21.67839283396097,45.0
2025-07-24 09:25:00,2025-07-24 11:50:00,1,20904.49603038281,21022.072192908337,117.57616252552907,145.0
2025-07-24 12:45:00,2025-07-25 09:40:00,1,21115.70386384573,21198.9921940918,83.28833024606865,1255.0
2025-07-25 10:25:00,2025-07-25 10:30:00,1,21253.1614957692,21195.326042627414,-57.835453141786275,5.0
2025-07-25 10:55:00,2025-07-25 11:20:00,1,21303.502936404184,21195.725057045463,-107.77787935872038,25.0
2025-07-25 12:40:00,2025-07-25 14:35:00,1,21197.15842102112,21228.862417624303,31.70399660318435,115.0
2025-07-25 14:50:00,2025-07-28 09:30:00,1,21273.51986416367,21268.45305754191,-5.066806621762225,4000.0
2025-07-28 11:25:00,2025-07-28 11:40:00,1,21421.524298889963,21364.305929999708,-57.21836889025508,15.0
2025-07-28 12:40:00,2025-07-28 12:50:00,1,21405.42729527112,21349.342871868183,-56.08442340293914,10.0
2025-07-28 13:05:00,2025-07-28 13:30:00,1,21414.92178319436,21335.83911218469,-79.08267100966987,25.0
2025-07-28 14:05:00,2025-07-28 14:30:00,1,21418.07994876352,21336.79141390044,-81.28853486308071,25.0
2025-07-28 14:45:00,2025-07-29 09:30:00,1,21417.32627671089,21392.320844543123,-25.00543216776714,1125.0
2025-07-29 10:25:00,2025-07-29 11:05:00,1,21431.61019606059,21319.04925042013,-112.56094564045998,40.0
2025-07-29 13:00:00,2025-07-29 13:05:00,1,21301.81733885307,21240.10277728064,-61.714561572429375,5.0
2025-07-30 09:25:00,2025-07-30 10:00:00,1,21051.34340266505,21002.81007651526,-48.53332614979081,35.0
2025-07-30 11:55:00,2025-07-30 12:40:00,1,20947.855769745634,20889.218935439272,-58.63683430636229,45.0
2025-07-30 13:15:00,2025-07-30 15:25:00,1,21009.71716458712,21080.774952326326,71.0577877392061,130.0
2025-07-31 09:50:00,2025-07-31 10:05:00,1,21169.88781368644,21090.912765167133,-78.97504851930717,15.0
2025-07-31 11:00:00,2025-07-31 12:05:00,1,21113.6749746796,21065.46983754789,-48.20513713171022,65.0
2025-07-31 15:05:00,2025-07-31 15:25:00,1,21102.04511802261,21047.45276121538,-54.5923568072285,20.0
2025-08-01 13:20:00,2025-08-04 09:15:00,1,20537.86809827089,20733.414723598587,195.54662532769726,4075.0
2025-08-04 09:25:00,2025-08-04 09:35:00,1,20782.610836035547,20701.97770196815,-80.6331340673969,10.0
2025-08-04 10:15:00,2025-08-04 10:35:00,1,20779.698023971672,20710.85416329892,-68.84386067275045,20.0
2025-08-04 11:30:00,2025-08-04 11:45:00,1,20765.29833136384,20668.52100673916,-96.77732462467975,15.0
2025-08-04 12:50:00,2025-08-04 12:55:00,1,20676.0533807356,20650.829563807925,-25.223816927675216,5.0
2025-08-05 11:00:00,2025-08-05 11:45:00,1,20478.5728433788,20412.637509410528,-65.93533396827115,45.0
2025-08-06 11:40:00,2025-08-06 15:25:00,1,19944.91403658584,20043.894858848416,98.98082226257611,225.0
2025-08-07 09:35:00,2025-08-07 10:25:00,1,20120.36012521134,20103.49843121115,-16.861694000192074,50.0
2025-08-07 11:30:00,2025-08-07 12:35:00,1,20097.479929306413,20094.46677345071,-3.013155855704099,65.0
2025-08-07 13:15:00,2025-08-07 13:35:00,1,20140.02356214781,20032.33810769287,-107.68545445493874,20.0
2025-08-07 14:25:00,2025-08-08 09:40:00,1,20092.200335601337,20073.05697425872,-19.143361342616117,1155.0
2025-08-08 11:10:00,2025-08-08 12:40:00,1,20047.32166950096,20004.42713564188,-42.894533859082,90.0
2025-08-08 15:00:00,2025-08-11 10:05:00,1,20086.980167893915,20032.86932297925,-54.110844914663176,4025.0
2025-08-11 12:05:00,2025-08-11 14:40:00,1,19994.33380281816,20162.171910053,167.8381072348384,155.0
2025-08-11 15:00:00,2025-08-12 10:05:00,1,20207.906827695904,20226.46315524584,18.556327549937123,1145.0
2025-08-12 11:00:00,2025-08-12 12:35:00,1,20285.535615300523,20343.01872062311,57.4831053225862,95.0
2025-08-12 12:45:00,2025-08-12 13:25:00,1,20442.378130834502,20422.17988938728,-20.198241447222244,40.0
2025-08-13 09:20:00,2025-08-13 13:25:00,1,20163.87224182008,20427.93390822824,264.0616664081572,245.0
2025-08-14 14:15:00,2025-08-14 14:30:00,1,19819.98146946612,19762.39524431612,-57.586225150000246,15.0
2025-08-15 11:25:00,2025-08-15 13:15:00,1,19785.296960179905,19910.455644597136,125.15868441723069,110.0
2025-08-15 14:20:00,2025-08-18 10:05:00,1,19978.62152739048,20134.757517343,156.1359899525196,4065.0
2025-08-18 10:15:00,2025-08-18 11:15:00,1,20232.726937112147,20214.61874180316,-18.108195308988797,60.0
2025-08-18 11:20:00,2025-08-18 12:20:00,1,20232.078416737622,20224.93460005395,-7.143816683670593,60.0
2025-08-18 12:40:00,2025-08-18 13:35:00,1,20337.23156519202,20273.61467799553,-63.61688719649101,55.0
2025-08-18 14:45:00,2025-08-19 12:40:00,1,20263.785888026563,20725.477414488727,461.6915264621639,1315.0
2025-08-19 14:35:00,2025-08-19 15:00:00,1,20672.98588829943,20532.34131977172,-140.64456852771036,25.0
2025-08-20 09:30:00,2025-08-20 10:50:00,1,20581.60364066207,20628.21179997456,46.6081593124909,80.0
2025-08-20 11:10:00,2025-08-20 13:00:00,1,20727.5170254491,20698.505350603984,-29.011674845114612,110.0
2025-08-20 13:40:00,2025-08-20 14:40:00,1,20828.60970565746,20767.84385093677,-60.765854720692005,60.0
2025-08-21 10:15:00,2025-08-21 10:55:00,1,20709.8293324175,20653.621733441552,-56.207598975946894,40.0
2025-08-21 12:10:00,2025-08-21 13:45:00,1,20655.946030744388,20626.60317650573,-29.34285423865731,95.0
2025-08-21 14:15:00,2025-08-21 15:00:00,1,20737.732484054315,20609.532440869025,-128.20004318529027,45.0
2025-08-22 14:45:00,2025-08-22 14:55:00,1,20331.160308507293,20291.44310117055,-39.71720733674374,10.0
2025-08-22 15:10:00,2025-08-25 11:05:00,1,20395.744620618123,20353.60607350605,-42.138547112073866,4075.0
2025-08-25 14:05:00,2025-08-25 14:25:00,1,20219.11264394008,20135.272431237005,-83.84021270307494,20.0
2025-08-26 10:10:00,2025-08-26 10:15:00,1,20075.660988211686,20054.52473355197,-21.136254659715632,5.0
2025-08-26 10:20:00,2025-08-26 12:00:00,1,20074.01802775933,20153.252945155447,79.23491739611563,100.0
2025-08-26 12:15:00,2025-08-27 10:45:00,1,20241.102901357623,20579.81842393549,338.71552257786607,1350.0
2025-08-27 10:55:00,2025-08-27 11:00:00,1,20639.108262470665,20596.19260800891,-42.91565446175446,5.0
2025-08-27 11:10:00,2025-08-27 14:05:00,1,20666.741477650063,20787.38573340213,120.64425575206769,175.0
2025-08-27 14:10:00,2025-08-27 15:00:00,1,20847.8633809292,20792.727686857896,-55.1356940713049,50.0
2025-08-28 09:35:00,2025-08-28 10:35:00,1,20880.39232421091,20733.990250873285,-146.40207333762373,60.0
2025-08-28 12:05:00,2025-08-28 15:30:00,1,20747.95269386636,20875.62870570534,127.67601183898296,205.0
2025-08-29 09:20:00,2025-08-29 11:40:00,1,20934.35964474552,21117.80753042139,183.44788567586875,140.0
2025-08-29 13:10:00,2025-08-29 13:40:00,1,21069.209849564035,21009.269104539693,-59.940745024341595,30.0
2025-08-29 14:05:00,2025-09-01 10:40:00,1,21084.895947973764,21264.824603453068,179.92865547930342,4115.0
2025-09-01 13:30:00,2025-09-01 13:45:00,1,21089.811348887968,21045.97485865165,-43.83649023631733,15.0
2025-09-01 15:05:00,2025-09-01 15:30:00,1,21131.869857625024,21036.52351560099,-95.34634202403322,25.0
2025-09-02 09:35:00,2025-09-02 10:55:00,1,21195.31058818104,21092.17335851492,-103.13722966612113,80.0
2025-09-02 11:30:00,2025-09-02 12:00:00,1,21140.98564332576,21077.09819890707,-63.887444418687664,30.0
2025-09-02 13:35:00,2025-09-02 13:45:00,1,21064.08597861546,21016.60079177018,-47.48518684528244,10.0
2025-09-03 09:40:00,2025-09-03 10:45:00,1,20984.01689893449,20969.455416707915,-14.561482226574299,65.0
2025-09-03 11:15:00,2025-09-03 11:50:00,1,21028.48340516537,20986.045750578287,-42.43765458708367,35.0
2025-09-03 12:00:00,2025-09-03 12:10:00,1,21049.88170680284,20999.92271398454,-49.95899281830134,10.0
2025-09-03 14:40:00,2025-09-03 15:15:00,1,20984.316926472904,20959.61595817275,-24.700968300152454,35.0
2025-09-03 15:20:00,2025-09-03 15:25:00,1,20972.27642792504,20930.45002352772,-41.82640439732131,5.0
2025-09-04 13:45:00,2025-09-05 10:10:00,1,20565.127461671607,20724.07013009888,158.94266842727302,1225.0
2025-09-05 10:55:00,2025-09-05 13:40:00,1,20800.618759425262,21010.20240465205,209.58364522678676,165.0
2025-09-05 14:35:00,2025-09-05 15:10:00,1,21058.995854821733,20962.062063951824,-96.93379086990899,35.0
2025-09-08 09:35:00,2025-09-08 09:50:00,1,21053.940043101928,20977.88980861393,-76.05023448799693,15.0
2025-09-08 10:40:00,2025-09-08 11:45:00,1,21061.797292430565,21010.341906948863,-51.45538548170225,65.0
2025-09-08 12:05:00,2025-09-08 12:35:00,1,21104.741706946654,21012.782582418524,-91.9591245281299,30.0
2025-09-08 13:10:00,2025-09-08 14:35:00,1,21139.6258874124,21151.851322654195,12.225435241794912,85.0
2025-09-08 15:00:00,2025-09-09 10:30:00,1,21230.826400234662,21267.4147023782,36.588302143536566,1170.0
2025-09-09 11:15:00,2025-09-09 12:20:00,1,21371.77507715931,21287.90124961673,-83.87382754257851,65.0
2025-09-09 13:05:00,2025-09-09 14:30:00,1,21363.93557743838,21369.96136660465,6.025789166269533,85.0
2025-09-09 14:40:00,2025-09-09 14:55:00,1,21417.45084483312,21357.215259378623,-60.235585454498505,15.0
2025-09-10 09:25:00,2025-09-10 09:40:00,1,21448.22001389688,21300.85114740972,-147.3688664871588,15.0
2025-09-10 09:50:00,2025-09-10 10:05:00,1,21414.93227067285,21323.448608743885,-91.48366192896356,15.0
2025-09-10 15:05:00,2025-09-11 09:20:00,1,21070.892269421314,20980.86114326138,-90.0311261599345,1095.0
2025-09-12 11:40:00,2025-09-15 12:00:00,1,20745.132434431394,21609.84239402954,864.7099595981454,4340.0
2025-09-15 14:30:00,2025-09-15 14:40:00,1,21647.957634541614,21599.54236123961,-48.41527330200188,10.0
2025-09-15 15:00:00,2025-09-16 10:40:00,1,21663.11817473097,21648.31312731246,-14.805047418511094,1180.0
2025-09-16 11:15:00,2025-09-16 13:05:00,1,21690.061098043167,21737.777276075616,47.716178032449534,110.0
2025-09-16 13:40:00,2025-09-17 10:50:00,1,21877.60261932969,22148.57084324476,270.9682239150716,1270.0
2025-09-17 12:05:00,2025-09-17 13:45:00,1,22230.23265856616,22305.36253331456,75.12987474839974,100.0
2025-09-17 14:45:00,2025-09-18 09:45:00,1,22367.11251832452,22429.99950370107,62.88698537655,1140.0
2025-09-18 10:40:00,2025-09-18 12:40:00,1,22518.52051781163,22490.08793675429,-28.43258105733912,120.0
2025-09-19 09:40:00,2025-09-19 11:25:00,1,22296.34154632773,22307.51872076864,11.177174440908857,105.0
2025-09-19 12:25:00,2025-09-19 12:40:00,1,22295.005308883672,22211.492024150422,-83.51328473324975,15.0
2025-09-19 14:45:00,2025-09-22 11:05:00,1,22190.89606244165,22303.489637851228,112.59357540957717,4100.0
2025-09-22 11:45:00,2025-09-22 14:35:00,1,22408.861346026653,22545.481900495965,136.62055446931117,170.0
2025-09-22 14:50:00,2025-09-22 15:25:00,1,22612.789608802774,22542.6694317812,-70.12017702157391,35.0
2025-09-23 09:15:00,2025-09-23 11:40:00,1,22641.43536730166,22809.18356503921,167.74819773755007,145.0
2025-09-23 15:05:00,2025-09-24 10:30:00,1,22490.62981275724,22539.3076322013,48.67781944405942,1165.0
2025-09-24 10:45:00,2025-09-24 11:30:00,1,22637.067326660923,22577.20476803724,-59.86255862368125,45.0
2025-09-25 13:05:00,2025-09-25 14:30:00,1,23219.44916988236,23232.657418701576,13.20824881921726,85.0
2025-09-26 09:35:00,2025-09-26 10:05:00,1,23295.93832522241,23209.306061366675,-86.6322638557358,30.0
2025-09-26 12:45:00,2025-09-26 12:55:00,1,23031.25622572025,22928.992159852634,-102.26406586761732,10.0
2025-09-26 13:40:00,2025-09-29 13:15:00,1,23006.11343153375,23782.1076417607,775.9942102269488,4295.0
2025-09-29 13:35:00,2025-09-29 15:05:00,1,23923.06099414591,23881.815361807723,-41.24563233818844,90.0
2025-09-30 10:30:00,2025-09-30 11:00:00,1,23761.09721277992,23710.029714585475,-51.06749819444667,30.0
2025-09-30 12:45:00,2025-10-01 09:45:00,1,23684.10613268538,23879.386527734943,195.28039504956178,1260.0
2025-10-01 11:00:00,2025-10-01 12:25:00,1,24027.20391105134,23909.08491844984,-118.11899260149949,85.0
2025-10-02 11:00:00,2025-10-02 11:35:00,1,23924.243370867684,23844.11135284399,-80.1320180236944,35.0
2025-10-02 13:10:00,2025-10-02 13:40:00,1,23858.218769041505,23729.56966434342,-128.64910469808456,30.0
2025-10-03 10:55:00,2025-10-03 13:40:00,1,23578.41771218004,23728.282434664587,149.8647224845481,165.0
2025-10-06 09:20:00,2025-10-06 15:20:00,1,23756.997232739028,24494.4869617149,737.4897289758737,360.0
2025-10-07 10:15:00,2025-10-07 10:45:00,1,24605.444127410337,24479.460224841303,-125.9839025690344,30.0
2025-10-07 11:45:00,2025-10-07 12:25:00,1,24499.28500848257,24433.53360879025,-65.75139969231896,40.0
2025-10-07 13:45:00,2025-10-07 14:10:00,1,24381.196775848013,24222.59493811775,-158.60183773026438,25.0
2025-10-07 14:35:00,2025-10-07 15:30:00,1,24355.99421558041,24321.362212601314,-34.63200297909498,55.0
2025-10-08 10:05:00,2025-10-08 12:55:00,1,24421.89710752404,24598.44527755397,176.54817002992786,170.0
2025-10-08 13:05:00,2025-10-08 13:15:00,1,24663.61539238258,24601.51667933125,-62.09871305133129,10.0
2025-10-08 15:10:00,2025-10-09 10:55:00,1,24529.925404802783,24509.45921069572,-20.46619410706262,1185.0
2025-10-09 11:15:00,2025-10-09 11:55:00,1,24614.554103792016,24528.476202641355,-86.07790115066018,40.0
2025-10-09 14:15:00,2025-10-09 15:10:00,1,24441.567611310504,24407.54598550779,-34.02162580271397,55.0
2025-10-10 09:30:00,2025-10-10 11:10:00,1,24479.60177901068,24594.778583017465,115.17680400678364,100.0
2025-10-10 11:35:00,2025-10-10 12:05:00,1,24735.791094058062,24660.01261582701,-75.77847823105185,30.0
2025-10-10 12:15:00,2025-10-10 12:35:00,1,24740.57156918552,24623.93137464272,-116.64019454279696,20.0
2025-10-13 10:10:00,2025-10-13 10:15:00,1,24153.684728884706,24061.600108385635,-92.0846204990703,5.0
2025-10-13 10:20:00,2025-10-13 10:35:00,1,24153.197375645675,24078.065150784565,-75.13222486111044,15.0
2025-10-13 10:40:00,2025-10-13 13:35:00,1,24144.153953531422,24531.515651748225,387.3616982168023,175.0
2025-10-13 13:40:00,2025-10-13 14:30:00,1,24613.6302196654,24514.224707931888,-99.40551173351196,50.0
2025-10-13 15:20:00,2025-10-14 11:40:00,1,24617.420337532523,24661.255377418933,43.835039886409504,1220.0
2025-10-14 12:25:00,2025-10-14 13:25:00,1,24716.056406477783,24684.70548380934,-31.350922668443673,60.0
2025-10-14 13:40:00,2025-10-14 13:55:00,1,24792.840774620134,24718.740056997656,-74.10071762247753,15.0
2025-10-14 14:05:00,2025-10-14 15:00:00,1,24839.18917080761,24746.06665722157,-93.12251358604044,55.0
2025-10-15 09:15:00,2025-10-15 09:40:00,1,24809.224211932386,24697.8869214881,-111.33729044428401,25.0
2025-10-15 11:10:00,2025-10-15 11:20:00,1,24789.630617395123,24650.401020771365,-139.22959662375797,10.0
2025-10-15 11:50:00,2025-10-15 13:50:00,1,24700.507995307504,24704.460101571643,3.9521062641397293,120.0
2025-10-16 09:35:00,2025-10-16 12:00:00,1,24628.49411483502,24793.45589015388,164.96177531886133,145.0
2025-10-16 13:10:00,2025-10-16 15:20:00,1,24856.418446200736,25074.32450033345,217.9060541327126,130.0
2025-10-17 10:40:00,2025-10-17 11:40:00,1,25086.49863064421,25078.116535531062,-8.382095113149262,60.0
2025-10-17 11:45:00,2025-10-17 11:55:00,1,25102.444636947635,25055.78282036908,-46.66181657855486,10.0
2025-10-17 13:25:00,2025-10-20 10:05:00,1,25181.585834099544,25384.14422029129,202.55838619174756,4120.0
2025-10-20 12:35:00,2025-10-20 14:10:00,1,25736.54014461351,25728.488219441668,-8.051925171843322,95.0
2025-10-21 10:40:00,2025-10-21 11:50:00,1,25579.963907623205,25539.476162997904,-40.487744625301275,70.0
2025-10-21 14:00:00,2025-10-21 15:00:00,1,25404.638764800737,25345.080865571384,-59.55789922935219,60.0
2025-10-21 15:30:00,2025-10-22 09:50:00,1,25429.46042000094,25295.804899219933,-133.65552078100882,1100.0
2025-10-22 10:25:00,2025-10-22 10:55:00,1,25392.801924951786,25346.68779242568,-46.114132526105095,30.0
2025-10-22 13:40:00,2025-10-22 14:10:00,1,25176.65609757689,25052.289232763564,-124.366864813328,30.0
2025-10-22 15:30:00,2025-10-23 14:15:00,1,25147.83411725972,25805.482836887688,657.6487196279668,1365.0
2025-10-23 14:25:00,2025-10-24 09:20:00,1,25911.714074071573,25825.41055183369,-86.30352223788213,1135.0
2025-10-24 10:20:00,2025-10-24 10:45:00,1,25946.43996732668,25799.67043947996,-146.76952784672176,25.0
2025-10-24 13:15:00,2025-10-24 13:30:00,1,25594.00583171618,25482.64066642663,-111.36516528954962,15.0
2025-10-24 15:10:00,2025-10-24 15:20:00,1,25412.585762776707,25266.86746712529,-145.71829565141888,10.0
2025-10-27 11:35:00,2025-10-27 11:45:00,1,24967.224377312392,24917.630229957256,-49.59414735513565,10.0
2025-10-27 12:30:00,2025-10-27 13:25:00,1,24956.96645652719,24931.003003926537,-25.96345260065209,55.0
2025-10-28 15:05:00,2025-10-29 10:55:00,1,25606.84465657175,25783.913356939967,177.06870036821783,1190.0
2025-10-30 11:10:00,2025-10-30 14:15:00,1,25128.980678579333,25254.977335540872,125.99665696153897,185.0
2025-10-30 14:35:00,2025-10-30 14:50:00,1,25310.59889672339,25251.09071716264,-59.50817956075116,15.0
2025-10-31 10:05:00,2025-10-31 10:10:00,1,25217.59032266467,25122.67861111812,-94.91171154654876,5.0
2025-10-31 10:15:00,2025-10-31 10:40:00,1,25177.240588732013,25109.27129875059,-67.96928998142175,25.0
2025-10-31 14:40:00,2025-10-31 14:50:00,1,25038.538947475685,24972.186711857004,-66.35223561868042,10.0
2025-11-03 10:35:00,2025-11-03 12:40:00,1,24883.513900535803,25005.54730518901,122.03340465320798,125.0
2025-11-03 12:45:00,2025-11-03 13:30:00,1,25064.913440732867,24996.896022662044,-68.01741807082362,45.0
2025-11-04 09:55:00,2025-11-04 15:00:00,1,24818.004730455985,25419.528976722304,601.5242462663191,305.0
2025-11-05 09:25:00,2025-11-05 11:40:00,1,25489.87009137327,25545.6237828032,55.75369142993077,135.0
2025-11-05 12:35:00,2025-11-05 13:00:00,1,25606.688445479256,25511.04239753503,-95.64604794422485,25.0
2025-11-05 14:15:00,2025-11-06 09:35:00,1,25537.48748822148,25628.38987091308,90.90238269160182,1160.0
2025-11-06 12:20:00,2025-11-07 10:15:00,1,25833.16190276711,26255.76854161784,422.6066388507279,1315.0
2025-11-07 11:35:00,2025-11-07 12:05:00,1,26213.279758949266,26145.68443328736,-67.59532566190683,30.0
2025-11-07 13:25:00,2025-11-07 13:35:00,1,26123.40278756078,26055.960190268408,-67.44259729237092,10.0
2025-11-10 12:10:00,2025-11-10 13:25:00,1,26659.739478251,26561.267460776045,-98.47201747495274,75.0
2025-11-11 09:20:00,2025-11-11 09:35:00,1,26439.36385807955,26327.9713730348,-111.39248504474745,15.0
2025-11-11 10:35:00,2025-11-11 13:15:00,1,26494.613648548053,26704.55275904303,209.93911049497547,160.0
2025-11-11 13:25:00,2025-11-11 14:50:00,1,26814.984713343823,26799.56475973563,-15.419953608194191,85.0
2025-11-12 09:20:00,2025-11-12 10:00:00,1,26845.885012441016,26741.01091211424,-104.87410032677508,40.0
2025-11-12 10:50:00,2025-11-12 11:05:00,1,26841.83690827773,26753.648917844723,-88.18799043300896,15.0
2025-11-12 14:25:00,2025-11-12 15:20:00,1,26587.87392885031,26523.274862461323,-64.5990663889861,55.0
2025-11-13 09:50:00,2025-11-13 10:10:00,1,26573.544951537355,26416.442353491107,-157.1025980462473,20.0
2025-11-13 12:20:00,2025-11-13 12:25:00,1,26228.7540008791,26169.512374847527,-59.241626031573105,5.0
2025-11-13 14:10:00,2025-11-14 09:25:00,1,26080.00365246812,26158.0752916645,78.07163919637969,1155.0
2025-11-14 13:45:00,2025-11-17 11:05:00,1,26226.946564756872,26600.812515325448,373.8659505685755,4160.0
2025-11-17 11:10:00,2025-11-17 12:20:00,1,26633.73762535539,26652.770682473954,19.03305711856592,70.0
2025-11-17 12:35:00,2025-11-17 13:10:00,1,26720.714417502608,26602.887793801056,-117.82662370155231,35.0
2025-11-17 14:05:00,2025-11-17 14:20:00,1,26752.4595936126,26641.518656757915,-110.94093685468397,15.0
2025-11-18 09:30:00,2025-11-18 10:55:00,1,26698.5393052961,26738.62604648793,40.08674119182979,85.0
2025-11-18 11:00:00,2025-11-18 11:05:00,1,26826.693228653174,26759.56917351988,-67.12405513329213,5.0
2025-11-18 11:10:00,2025-11-18 11:30:00,1,26822.396359426875,26747.936823178727,-74.45953624814865,20.0
2025-11-18 14:30:00,2025-11-19 11:30:00,1,26812.180717615,27079.00116782405,266.82045020905207,1260.0
2025-11-19 13:30:00,2025-11-19 15:10:00,1,27035.334857280603,27119.53450663739,84.19964935678581,100.0
2025-11-19 15:20:00,2025-11-20 09:15:00,1,27191.27014970667,27141.79088342957,-49.47926627709967,1075.0
2025-11-20 11:35:00,2025-11-20 13:15:00,1,27006.96851505987,27108.080401362902,101.1118863030315,100.0
2025-11-20 14:25:00,2025-11-21 11:15:00,1,27103.59825125461,27221.782933836184,118.18468258157372,1250.0
2025-11-21 12:05:00,2025-11-21 13:10:00,1,27298.108680911504,27214.30847429129,-83.80020662021343,65.0
2025-11-21 13:40:00,2025-11-24 09:30:00,1,27308.53838960761,27370.29359840576,61.7552087981494,4070.0
2025-11-26 11:50:00,2025-11-26 12:55:00,1,27943.42913824028,27883.29916557341,-60.129972666869435,65.0
2025-11-26 13:30:00,2025-11-26 14:45:00,1,27914.26894628137,27829.54128683152,-84.72765944984712,75.0
2025-11-27 12:30:00,2025-11-27 15:20:00,1,27597.479846110087,27927.65453465779,330.17468854770414,170.0
2025-11-28 11:00:00,2025-11-28 15:30:00,1,27928.24949641876,28383.49320945664,455.2437130378785,270.0
2025-12-01 10:00:00,2025-12-01 12:20:00,1,28472.279855012846,28668.614438491382,196.33458347853593,140.0
2025-12-01 12:30:00,2025-12-01 13:30:00,1,28835.81250757293,28728.938217759816,-106.87428981311314,60.0
2025-12-01 13:55:00,2025-12-02 11:40:00,1,28945.843448989446,29410.37610224087,464.53265325142274,1305.0
2025-12-02 13:45:00,2025-12-02 13:55:00,1,29424.562061572706,29319.399976688183,-105.16208488452321,10.0
2025-12-02 14:15:00,2025-12-02 15:10:00,1,29454.518600042968,29416.496616622564,-38.02198342040356,55.0
2025-12-02 15:25:00,2025-12-03 09:40:00,1,29514.198101084687,29388.225589101057,-125.97251198362937,1095.0
2025-12-04 11:05:00,2025-12-04 15:15:00,1,28841.3798747608,29478.86592058463,637.486045823829,250.0
2025-12-04 15:20:00,2025-12-05 11:05:00,1,29568.947708765845,29709.43701201367,140.48930324782486,1185.0
2025-12-05 11:20:00,2025-12-05 12:40:00,1,29799.69405781292,29762.99092117356,-36.70313663936031,80.0
2025-12-05 14:35:00,2025-12-08 14:00:00,1,29675.13362707005,30401.85903817311,726.7254111030597,4285.0
2025-12-08 15:20:00,2025-12-09 13:25:00,1,30538.463416418374,30815.037068810027,276.573652391653,1325.0
2025-12-09 13:55:00,2025-12-09 14:45:00,1,30958.143407637654,30846.853881090567,-111.28952654708701,50.0
2025-12-09 14:55:00,2025-12-09 15:05:00,1,30925.28119011621,30898.5815126238,-26.699677492408227,10.0
2025-12-10 11:40:00,2025-12-10 12:10:00,1,30721.53551604935,30620.759958790903,-100.7755572584465,30.0
2025-12-10 14:10:00,2025-12-10 14:15:00,1,30481.92539384141,30370.60240076276,-111.32299307865105,5.0
2025-12-11 14:00:00,2025-12-11 14:35:00,1,29616.3896253966,29525.02643869433,-91.36318670227047,35.0
2025-12-12 09:15:00,2025-12-12 11:25:00,1,29598.213807137046,29741.388020785147,143.1742136481007,130.0
2025-12-12 15:30:00,2025-12-15 09:45:00,1,30174.07255112896,30069.38327394136,-104.68927718760096,3975.0
2025-12-15 10:15:00,2025-12-15 10:50:00,1,30148.226118761275,30050.748058527057,-97.47806023421799,35.0
2025-12-15 12:55:00,2025-12-15 13:00:00,1,29920.259143570085,29852.97306022212,-67.28608334796445,5.0
2025-12-15 13:05:00,2025-12-15 14:45:00,1,29918.498902318297,29990.40179390789,71.90289158959422,100.0
2025-12-16 09:30:00,2025-12-16 09:35:00,1,29973.59841230432,29947.943623723862,-25.654788580457534,5.0
2025-12-16 10:40:00,2025-12-16 10:55:00,1,30006.9356022036,29906.305353766755,-100.63024843684616,15.0
2025-12-16 12:15:00,2025-12-17 09:15:00,1,29984.423708477498,30410.00238281412,425.5786743366225,1260.0
2025-12-17 10:00:00,2025-12-17 12:45:00,1,30563.650331966543,30753.96378699096,190.31345502441764,165.0
2025-12-17 13:00:00,2025-12-17 13:10:00,1,30840.00835786357,30765.49660144594,-74.51175641763257,10.0
2025-12-17 13:15:00,2025-12-17 13:30:00,1,30809.95642824356,30723.457870081533,-86.49855816202762,15.0
2025-12-17 14:10:00,2025-12-18 09:35:00,1,30800.570430690284,30827.59283575169,27.022405061405152,1165.0
2025-12-18 10:45:00,2025-12-18 11:40:00,1,30827.46710100839,30755.23306530263,-72.23403570576193,55.0
2025-12-18 13:25:00,2025-12-18 14:30:00,1,30729.62637487868,30667.520496527428,-62.10587835125261,65.0
2025-12-19 11:00:00,2025-12-19 14:15:00,1,30862.307177899485,31216.332760386704,354.02558248721834,195.0
2025-12-22 09:50:00,2025-12-22 09:55:00,1,31235.84792381856,31150.55840814204,-85.28951567652257,5.0
2025-12-22 11:30:00,2025-12-22 13:25:00,1,31132.3437246618,31066.747458509955,-65.59626615184607,115.0
2025-12-22 13:50:00,2025-12-23 09:35:00,1,31195.484521581096,31274.99918771506,79.51466613396406,1185.0
2025-12-23 10:00:00,2025-12-23 11:25:00,1,31420.698582659268,31414.8826491454,-5.8159335138698225,85.0
2025-12-23 11:55:00,2025-12-23 12:00:00,1,31563.690368998177,31512.262964495338,-51.427404502839636,5.0
2025-12-23 12:55:00,2025-12-23 14:05:00,1,31576.42186245312,31487.38190827129,-89.03995418182967,70.0
2025-12-24 09:40:00,2025-12-24 11:10:00,1,31398.95557893687,31478.354170871982,79.39859193511074,90.0
2025-12-24 11:30:00,2025-12-24 13:45:00,1,31581.314183395807,31615.833626289408,34.51944289360108,135.0
2025-12-24 15:15:00,2025-12-24 15:30:00,1,31571.38921868591,31508.98596890082,-62.40324978508943,15.0
2025-12-25 09:15:00,2025-12-25 09:30:00,1,31595.5028895459,31461.74642734475,-133.75646220114868,15.0
2025-12-25 11:05:00,2025-12-25 12:45:00,1,31298.14103550484,31308.88450562956,10.74347012472208,100.0
2025-12-25 13:40:00,2025-12-25 13:45:00,1,31330.891764660235,31230.25283832291,-100.63892633732394,5.0
2025-12-26 10:30:00,2025-12-26 11:30:00,1,31108.138543708355,30963.91043378393,-144.22810992442464,60.0
2025-12-26 13:40:00,2025-12-26 14:10:00,1,30893.782487779,30761.54319755909,-132.2392902199099,30.0
2025-12-26 14:40:00,2025-12-26 14:50:00,1,30852.53916095697,30730.466974540184,-122.07218641678628,10.0
2025-12-29 10:30:00,2025-12-29 14:20:00,1,30784.097415882487,31396.731733497472,612.6343176149858,230.0
2025-12-29 15:25:00,2025-12-30 09:15:00,1,31402.413571464705,31312.06062913055,-90.35294233415698,1070.0
2025-12-30 09:35:00,2025-12-30 11:55:00,1,31521.000410872224,31496.966376863267,-24.03403400895695,140.0
2025-12-30 13:20:00,2025-12-30 14:00:00,1,31336.03973989033,31250.716111970727,-85.32362791960259,40.0
2025-12-31 10:40:00,2025-12-31 10:50:00,1,30563.349114668574,30495.025773809182,-68.32334085939146,10.0
2025-12-31 13:15:00,2025-12-31 14:25:00,1,30380.95059902563,30361.69434129096,-19.256257734668907,70.0
2025-12-31 14:35:00,2025-12-31 14:40:00,1,30446.439179362475,30370.507960835366,-75.93121852710829,5.0
2025-12-31 14:45:00,2026-01-01 10:30:00,1,30443.157303208995,30572.47852565433,129.32122244533457,1185.0
2026-01-01 11:55:00,2026-01-02 09:40:00,1,30767.98819352797,31125.82870801722,357.8405144892495,1305.0
2026-01-02 10:10:00,2026-01-02 10:15:00,1,31200.711335447148,31104.60627602924,-96.10505941790689,5.0
2026-01-02 11:30:00,2026-01-02 11:45:00,1,31051.15689930846,30924.90471732385,-126.25218198460789,15.0
2026-01-02 11:55:00,2026-01-02 12:45:00,1,31074.41261970551,30951.97323870468,-122.4393810008296,50.0
2026-01-02 15:00:00,2026-01-05 09:15:00,1,30694.07453527009,30568.89698876104,-125.17754650905044,3975.0
2026-01-05 09:20:00,2026-01-05 09:45:00,1,30652.99492363315,30553.37047487665,-99.62444875649817,25.0
2026-01-05 11:30:00,2026-01-06 09:30:00,1,30484.614844131407,31080.12703716205,595.5121930306414,1320.0
2026-01-06 13:05:00,2026-01-06 13:30:00,1,31410.29992123483,31297.863406651708,-112.4365145831216,25.0
2026-01-06 13:35:00,2026-01-06 14:50:00,1,31376.2314841297,31353.396927081187,-22.834557048514398,75.0
2026-01-06 15:20:00,2026-01-07 10:00:00,1,31494.47962300509,31467.36993961169,-27.109683393398882,1120.0
2026-01-07 10:30:00,2026-01-07 12:20:00,1,31565.01435429073,31702.1695013172,137.1551470264676,110.0
2026-01-07 14:30:00,2026-01-08 11:15:00,1,31794.51439125336,32127.11260336729,332.59821211393137,1245.0
2026-01-08 14:00:00,2026-01-09 09:15:00,1,31838.98415926713,31800.398405492047,-38.585753775081685,1155.0
2026-01-09 09:30:00,2026-01-09 11:20:00,1,31972.263791323898,32065.75299814776,93.48920682386233,110.0
2026-01-09 12:15:00,2026-01-09 13:50:00,1,32155.38477832635,32043.13679495125,-112.2479833751022,95.0
2026-01-09 15:00:00,2026-01-12 09:40:00,1,32111.535430132488,32040.625735780515,-70.90969435197258,4000.0
2026-01-12 10:00:00,2026-01-12 11:10:00,1,32187.833814022742,32172.0451055168,-15.788708505941031,70.0
2026-01-12 13:05:00,2026-01-12 15:25:00,1,31942.99863896965,32085.79823279645,142.79959382679954,140.0
2026-01-13 09:50:00,2026-01-13 12:10:00,1,32208.324361686195,32388.91755446561,180.5931927794154,140.0
2026-01-13 12:15:00,2026-01-13 12:30:00,1,32481.122451767256,32377.122257671355,-104.00019409590095,15.0
2026-01-13 12:55:00,2026-01-13 13:20:00,1,32481.275660136904,32408.539884361373,-72.73577577553078,25.0
2026-01-13 14:05:00,2026-01-13 14:20:00,1,32509.61785729823,32361.032278213308,-148.58557908492367,15.0
2026-01-14 09:55:00,2026-01-14 10:15:00,1,32162.999275640923,32091.75348755001,-71.24578809091327,20.0
2026-01-14 11:15:00,2026-01-14 12:00:00,1,32110.22883042178,32062.335025212065,-47.89380520971463,45.0
2026-01-14 12:05:00,2026-01-14 14:20:00,1,32171.18138702897,32265.03392541396,93.85253838499193,135.0
2026-01-14 15:25:00,2026-01-16 10:40:00,1,32347.50663969394,33421.99132181099,1074.4846821170468,2595.0
2026-01-16 11:45:00,2026-01-16 11:50:00,1,33436.69021736694,33315.699461896926,-120.99075547001121,5.0
2026-01-16 12:15:00,2026-01-16 13:55:00,1,33458.12413629083,33372.90554858089,-85.21858770994004,100.0
